time,address,event,amount,tx
1782777600,0x55d398326f99059ff775485246999027b3197955 0x000be4f551e7440b93ce9d2cc11979879147e19f→0x238a358808379702088667322f80ac48bad5e6c4,TRANSFER,206965498808147177373,0xb4ead84e59700341bd441d0706bfec8489d18e87ebfd7599ce758d66d97466cc
1782777600,0x99991c6aabba5a096f24f250b73580f5179b9999 0x238a358808379702088667322f80ac48bad5e6c4→0x000be4f551e7440b93ce9d2cc11979879147e19f,TRANSFER,8042713798559235886767,0xb4ead84e59700341bd441d0706bfec8489d18e87ebfd7599ce758d66d97466cc
1782777600,0x02bcc4c181b83a8c0a342bc003389cbecb4bc54d 0x278d858f05b94576c1e6f73285886876ff6ef8d2→0x238a358808379702088667322f80ac48bad5e6c4,TRANSFER,44416066,0x2cb7a5c02331ccc5fc2ee5686a05c00df6de25d8ca9e958d70d284b3dd58bfa6
1782777600,0x8ac76a51cc950d9822d68b83fe1ad97b32cd580d 0x238a358808379702088667322f80ac48bad5e6c4→0x278d858f05b94576c1e6f73285886876ff6ef8d2,TRANSFER,24135097569951395040,0x2cb7a5c02331ccc5fc2ee5686a05c00df6de25d8ca9e958d70d284b3dd58bfa6
1782777600,0x55d398326f99059ff775485246999027b3197955 0xfeed001448bed378402ed4b73c2a4ce98ffd0ba9→0x238a358808379702088667322f80ac48bad5e6c4,TRANSFER,1058910000000000000000,0x5cd76c43ac8c6194c209b02a094596721904172f4ab8629af13fc6ec88e1e58b
1782777600,0x61fac5f038515572d6f42d4bcb6b581642753d50 0x5bd808ab85c124f99080da5f864edcb39950ede5→0x278d858f05b94576c1e6f73285886876ff6ef8d2,TRANSFER,904674965177311933921,0x2d6d993fc26af5242080562fb859c4fe76a41ce7c8503e41b5612914c64a1e40
1782777600,0x55d398326f99059ff775485246999027b3197955 0x278d858f05b94576c1e6f73285886876ff6ef8d2→0x5bd808ab85c124f99080da5f864edcb39950ede5,TRANSFER,111349639772279000000,0x2d6d993fc26af5242080562fb859c4fe76a41ce7c8503e41b5612914c64a1e40
1782777600,0x55d398326f99059ff775485246999027b3197955 0x278d858f05b94576c1e6f73285886876ff6ef8d2→0x238a358808379702088667322f80ac48bad5e6c4,TRANSFER,79988667240940214818,0xc9dad34d42bd3307bb7f8980014463b8c98a322344e6970150674217fc9e266e
1782777600,0x97693439ea2f0ecdeb9135881e49f354656a911c 0x238a358808379702088667322f80ac48bad5e6c4→0x278d858f05b94576c1e6f73285886876ff6ef8d2,TRANSFER,202462766404120383754,0xc9dad34d42bd3307bb7f8980014463b8c98a322344e6970150674217fc9e266e
1782777600,0x1d28d989f9e3ccb8b15d0cec601734514f958e4d 0x238a358808379702088667322f80ac48bad5e6c4→0x278d858f05b94576c1e6f73285886876ff6ef8d2,TRANSFER,867951844643673150678,0xad89471db404bfafcf9b019d8b0ba28fa2e3411baf94cb3043e0d4090b47af36
1782777600,0x55d398326f99059ff775485246999027b3197955 0x278d858f05b94576c1e6f73285886876ff6ef8d2→0x238a358808379702088667322f80ac48bad5e6c4,TRANSFER,70581670254100200000,0xad89471db404bfafcf9b019d8b0ba28fa2e3411baf94cb3043e0d4090b47af36
1782777600,0x55d398326f99059ff775485246999027b3197955 0x238a358808379702088667322f80ac48bad5e6c4→0x278d858f05b94576c1e6f73285886876ff6ef8d2,TRANSFER,107920551420510403287,0x150bc1cfd08b05a1826d69e17e04fe047d79b23a84557cd152ec129391b5fe6e
1782777600,0xcf3232b85b43bca90e51d38cc06cc8bb8c8a3e36 0x278d858f05b94576c1e6f73285886876ff6ef8d2→0x238a358808379702088667322f80ac48bad5e6c4,TRANSFER,39044715099709100000,0x150bc1cfd08b05a1826d69e17e04fe047d79b23a84557cd152ec129391b5fe6e
1782777600,0x61fac5f038515572d6f42d4bcb6b581642753d50 0xc4dc171d499b3f5340bffed8433bddcec8d33b04→0x278d858f05b94576c1e6f73285886876ff6ef8d2,TRANSFER,130842391608266805117,0xccb80a3a622a4b0bcf71e663d0bf25b3ac9e22a2cfaa7f662b5546d65cb861d8
1782777600,0xbb4cdb9cbd36b01bd1cbaebf2de08d9173bc095c 0x278d858f05b94576c1e6f73285886876ff6ef8d2→0xc4dc171d499b3f5340bffed8433bddcec8d33b04,TRANSFER,28786511093613600,0xccb80a3a622a4b0bcf71e663d0bf25b3ac9e22a2cfaa7f662b5546d65cb861d8
1782777600,0xbb4cdb9cbd36b01bd1cbaebf2de08d9173bc095c 0x8f0bd6b22a9000e550e5dc31313d128abe40fcbd→0x278d858f05b94576c1e6f73285886876ff6ef8d2,TRANSFER,24616310457237688,0x4a10108bb1fe1144e51475b6b0d5f5c2f710e32d44f3da2d5010645c6b8263bd
1782777600,0xa4b68d48d7bc6f04420e8077e6f74bdef809dea3 0x278d858f05b94576c1e6f73285886876ff6ef8d2→0x8f0bd6b22a9000e550e5dc31313d128abe40fcbd,TRANSFER,18435140719128200000000,0x4a10108bb1fe1144e51475b6b0d5f5c2f710e32d44f3da2d5010645c6b8263bd
1782777600,0x1d28d989f9e3ccb8b15d0cec601734514f958e4d 0x07b7556ede0f9a6a7d155a78bc0573f531001a57→0x278d858f05b94576c1e6f73285886876ff6ef8d2,TRANSFER,649031908663470808125,0xf3f881f70280374cab20052c6cf286e0f58f7d1c52bd5b24755bfb162126c029
1782777600,0x55d398326f99059ff775485246999027b3197955 0x278d858f05b94576c1e6f73285886876ff6ef8d2→0x07b7556ede0f9a6a7d155a78bc0573f531001a57,TRANSFER,52783592805015300000,0xf3f881f70280374cab20052c6cf286e0f58f7d1c52bd5b24755bfb162126c029
1782777600,0xbb4cdb9cbd36b01bd1cbaebf2de08d9173bc095c 0x278d858f05b94576c1e6f73285886876ff6ef8d2→0x22af7297243c4eef12e2d5a4f888b92e56bf127c,TRANSFER,71927507726464919,0x0737fd451405d980523a052db3d2c160716d4eb94424c9aaf72388d835183f7b
1782777600,0xeccbb861c0dda7efd964010085488b69317e4444 0x22af7297243c4eef12e2d5a4f888b92e56bf127c→0x278d858f05b94576c1e6f73285886876ff6ef8d2,TRANSFER,3116619297289709283688,0x0737fd451405d980523a052db3d2c160716d4eb94424c9aaf72388d835183f7b
1782777600,0x97693439ea2f0ecdeb9135881e49f354656a911c 0xfaa0a5c1a1aec3ee75a9963abc187fdc5455e5af→0x238a358808379702088667322f80ac48bad5e6c4,TRANSFER,228000000000000000000,0x58dce8c49b3c1b81146179193c5523d3ad9bf9465c20648f81012c5a495b6b25
1782777600,0x55d398326f99059ff775485246999027b3197955 0x238a358808379702088667322f80ac48bad5e6c4→0xfaa0a5c1a1aec3ee75a9963abc187fdc5455e5af,TRANSFER,90057069566883147459,0x58dce8c49b3c1b81146179193c5523d3ad9bf9465c20648f81012c5a495b6b25
1782777600,0x55d398326f99059ff775485246999027b3197955 0x238a358808379702088667322f80ac48bad5e6c4→0x62ccef0b4545166f721caa9fee13c1d3767e27dc,TRANSFER,256800433046636135972,0x9ed44f265c7553c29a71972454a86bd3677c6bc85df84e89a5729e3b5bef9be1
1782777600,0x55d398326f99059ff775485246999027b3197955 0x238a358808379702088667322f80ac48bad5e6c4→0x62ccef0b4545166f721caa9fee13c1d3767e27dc,TRANSFER,256626677948802003409,0xcf8d299ea92ac20b9c1c474887af0d11fe0f3b4371d5814f02b77f37ad02c114
1782777600,0xcf3232b85b43bca90e51d38cc06cc8bb8c8a3e36 0xfaa0a5c1a1aec3ee75a9963abc187fdc5455e5af→0x238a358808379702088667322f80ac48bad5e6c4,TRANSFER,36000000000000000000,0xf1746a910f9885266de9ad863b9e29ff37a05c3e88810c96b3adfaf69ee73994
1782777600,0x55d398326f99059ff775485246999027b3197955 0x238a358808379702088667322f80ac48bad5e6c4→0xfaa0a5c1a1aec3ee75a9963abc187fdc5455e5af,TRANSFER,99488705338598344984,0xf1746a910f9885266de9ad863b9e29ff37a05c3e88810c96b3adfaf69ee73994
1782777600,0x55d398326f99059ff775485246999027b3197955 0x000be4f551e7440b93ce9d2cc11979879147e19f→0x238a358808379702088667322f80ac48bad5e6c4,TRANSFER,90512165673109750000,0xcdf7b2815c1b410024106a596041416c302bd436a2298d5833d3f66edd6d04a5
1782777600,0x99991c6aabba5a096f24f250b73580f5179b9999 0x238a358808379702088667322f80ac48bad5e6c4→0x000be4f551e7440b93ce9d2cc11979879147e19f,TRANSFER,3507222999467581886372,0xcdf7b2815c1b410024106a596041416c302bd436a2298d5833d3f66edd6d04a5
1782777600,0x55d398326f99059ff775485246999027b3197955 0x238a358808379702088667322f80ac48bad5e6c4→0x62ccef0b4545166f721caa9fee13c1d3767e27dc,TRANSFER,251033704900776405536,0x13d89c62a8d440a6dce95ce51bc43fc49ac3205fa753e7e5c2074920c538cd69
1782777600,0x8d0d000ee44948fc98c9b98a4fa4921476f08b0d 0x3d7c319090edf2293608a0f9a786317c66d320f8→0x278d858f05b94576c1e6f73285886876ff6ef8d2,TRANSFER,150761392463080539823,0x90c2fbe5d469f27b5e07a4b2e19a9662190c695faef3b9e161f865ecab484a89
1782777600,0xbb4cdb9cbd36b01bd1cbaebf2de08d9173bc095c 0x278d858f05b94576c1e6f73285886876ff6ef8d2→0x3d7c319090edf2293608a0f9a786317c66d320f8,TRANSFER,269518749226098000,0x90c2fbe5d469f27b5e07a4b2e19a9662190c695faef3b9e161f865ecab484a89
1782777600,0x1f12b85aac097e43aa1555b2881e98a51090e9a6 0x238a358808379702088667322f80ac48bad5e6c4→0x278d858f05b94576c1e6f73285886876ff6ef8d2,TRANSFER,79807756453200797230,0x244063315dbe197bcd194e3e1aea0331805a9b061c5565f57069b44601723d5c
1782777600,0x8ac76a51cc950d9822d68b83fe1ad97b32cd580d 0x278d858f05b94576c1e6f73285886876ff6ef8d2→0x238a358808379702088667322f80ac48bad5e6c4,TRANSFER,31455441165476600000,0x244063315dbe197bcd194e3e1aea0331805a9b061c5565f57069b44601723d5c
1782777600,0x55d398326f99059ff775485246999027b3197955 0x238a358808379702088667322f80ac48bad5e6c4→0x278d858f05b94576c1e6f73285886876ff6ef8d2,TRANSFER,38315600764022007227,0x4161d2af81fd73dbced95572056733a09ce80dc6a2ac1d5dad05009adc44fedd
1782777600,0xda7ad9dea9397cffddae2f8a052b82f1484252b3 0x278d858f05b94576c1e6f73285886876ff6ef8d2→0x238a358808379702088667322f80ac48bad5e6c4,TRANSFER,10275503857116700000,0x4161d2af81fd73dbced95572056733a09ce80dc6a2ac1d5dad05009adc44fedd
1782777600,0x55d398326f99059ff775485246999027b3197955 0x238a358808379702088667322f80ac48bad5e6c4→0x278d858f05b94576c1e6f73285886876ff6ef8d2,TRANSFER,52394097341367239377,0xcab3e30bc8a61d6ece2a78818ec43f199cedc23ee230912ba68efeb2c5c8f55e
1782777600,0xea37a8de1de2d9d10772eeb569e28bfa5cb17707 0x278d858f05b94576c1e6f73285886876ff6ef8d2→0x238a358808379702088667322f80ac48bad5e6c4,TRANSFER,11302133875476700000000,0xcab3e30bc8a61d6ece2a78818ec43f199cedc23ee230912ba68efeb2c5c8f55e
1782777600,0xac23b90a79504865d52b49b327328411a23d4db2 0x9f8f4615ff5143aee365fa34f34196fb85be7650→0x278d858f05b94576c1e6f73285886876ff6ef8d2,TRANSFER,5367261380900859553218,0x5719c12a6a8e13e06173ebc405203bfcb027088cf288438109104bf246116ab9
1782777600,0x55d398326f99059ff775485246999027b3197955 0x278d858f05b94576c1e6f73285886876ff6ef8d2→0x9f8f4615ff5143aee365fa34f34196fb85be7650,TRANSFER,353332383197742000000,0x5719c12a6a8e13e06173ebc405203bfcb027088cf288438109104bf246116ab9
1782777600,0x87d00066cf131ff54b72b134a217d5401e5392b6 0x03f83fdfb168e7a2a621691e4b15297b1917ab91→0x278d858f05b94576c1e6f73285886876ff6ef8d2,TRANSFER,385603386276379622728,0x6b39d99892b7dc1601cb7805d881547561958a30c4e8a010721d9edc7899e88e
1782777600,0x8ac76a51cc950d9822d68b83fe1ad97b32cd580d 0x278d858f05b94576c1e6f73285886876ff6ef8d2→0x03f83fdfb168e7a2a621691e4b15297b1917ab91,TRANSFER,5557179312754060000,0x6b39d99892b7dc1601cb7805d881547561958a30c4e8a010721d9edc7899e88e
1782777600,0x1219c409fabe2c27bd0d1a565daeed9bd9f271de 0xd2cd331e493a325dd5634cfeb93852389c0aaece→0x278d858f05b94576c1e6f73285886876ff6ef8d2,TRANSFER,3282656183385703380065,0x2395337eda0e2906645f9d147fa6a6fc4ccc284f29bccf4f9aa74c5e75860eab
1782777600,0x8d0d000ee44948fc98c9b98a4fa4921476f08b0d 0x278d858f05b94576c1e6f73285886876ff6ef8d2→0xd2cd331e493a325dd5634cfeb93852389c0aaece,TRANSFER,196024710659699000000,0x2395337eda0e2906645f9d147fa6a6fc4ccc284f29bccf4f9aa74c5e75860eab
1782777600,0x55d398326f99059ff775485246999027b3197955 0x50203df8efcddba9755c886f086b9b2d537a15f9→0x278d858f05b94576c1e6f73285886876ff6ef8d2,TRANSFER,42259598458376421062,0x4c42853085c7ad1a43a7cbdbc843358b4720e513bb0174d1ab0256db5c95453b
1782777600,0x405fbc9004d857903bfd6b3357792d71a50726b0 0x278d858f05b94576c1e6f73285886876ff6ef8d2→0x50203df8efcddba9755c886f086b9b2d537a15f9,TRANSFER,402515686236505000000,0x4c42853085c7ad1a43a7cbdbc843358b4720e513bb0174d1ab0256db5c95453b
1782777600,0x8b194370825e37b33373e74a41009161808c1488 0x5d2913a8ea284e486000177852c87ea4d64d03d6→0x278d858f05b94576c1e6f73285886876ff6ef8d2,TRANSFER,9008926788469498733,0xb5d29048da2ee9ef53d3aa171f6b1fbe92ce4c081ef4607db507b21fb04a9606
1782777600,0xbb4cdb9cbd36b01bd1cbaebf2de08d9173bc095c 0x278d858f05b94576c1e6f73285886876ff6ef8d2→0x5d2913a8ea284e486000177852c87ea4d64d03d6,TRANSFER,25908310939210100,0xb5d29048da2ee9ef53d3aa171f6b1fbe92ce4c081ef4607db507b21fb04a9606
1782777600,0x55d398326f99059ff775485246999027b3197955 0x4620f5c127a6055fbebb1f71327d60ff079c9060→0x278d858f05b94576c1e6f73285886876ff6ef8d2,TRANSFER,19109597792316438061,0x883b92b5e79f0e0c21bab3cad076afea68d4c4c0213bead133baf3982d085bad
1782777600,0x0e4f6209ed984b21edea43ace6e09559ed051d48 0x278d858f05b94576c1e6f73285886876ff6ef8d2→0x4620f5c127a6055fbebb1f71327d60ff079c9060,TRANSFER,229205892160033000000,0x883b92b5e79f0e0c21bab3cad076afea68d4c4c0213bead133baf3982d085bad
1782777600,0x8b194370825e37b33373e74a41009161808c1488 0x53c133481819e1df5f7c4722e9feb68725349879→0x278d858f05b94576c1e6f73285886876ff6ef8d2,TRANSFER,23321826384843995070,0x35f00384cd29b7cd3d11b5685dcd716c17d454f14329e560be2f540eebe01664
1782777600,0x55d398326f99059ff775485246999027b3197955 0x278d858f05b94576c1e6f73285886876ff6ef8d2→0x53c133481819e1df5f7c4722e9feb68725349879,TRANSFER,37572065192521100000,0x35f00384cd29b7cd3d11b5685dcd716c17d454f14329e560be2f540eebe01664
1782777600,0x92aa03137385f18539301349dcfc9ebc923ffb10 0x278d858f05b94576c1e6f73285886876ff6ef8d2→0xbc42145d5a574ede9b8860fca2a49eb7b239efa5,TRANSFER,4060367256742034726453,0x2a097ebbc81fbe0564e5e56de537dacd1fa044c1ee6c28285b45e745efb3a360
1782777600,0xbb4cdb9cbd36b01bd1cbaebf2de08d9173bc095c 0xbc42145d5a574ede9b8860fca2a49eb7b239efa5→0x278d858f05b94576c1e6f73285886876ff6ef8d2,TRANSFER,888958702712377441,0x2a097ebbc81fbe0564e5e56de537dacd1fa044c1ee6c28285b45e745efb3a360
1782777600,0x7c8217517ed4711fe2deccdfeffe8d906b9ae11f 0x49986efbeedea3ab962ca95caf86919860ecc9db→0x278d858f05b94576c1e6f73285886876ff6ef8d2,TRANSFER,2581175062947,0x1dfa88c278088e34fe0824b551aa1dfc964c00e4e0337439c2ddcfa81dd50320
1782777600,0xbb4cdb9cbd36b01bd1cbaebf2de08d9173bc095c 0x278d858f05b94576c1e6f73285886876ff6ef8d2→0x49986efbeedea3ab962ca95caf86919860ecc9db,TRANSFER,38201515143803040,0x1dfa88c278088e34fe0824b551aa1dfc964c00e4e0337439c2ddcfa81dd50320
1782777600,0x61fac5f038515572d6f42d4bcb6b581642753d50 0x5bd808ab85c124f99080da5f864edcb39950ede5→0x278d858f05b94576c1e6f73285886876ff6ef8d2,TRANSFER,1743907167955961101704,0xc7a530700fe4ebc7fcb99041a3fbf6b61bb350dade55a37b1030b6bf53b5d74f
1782777600,0x55d398326f99059ff775485246999027b3197955 0x278d858f05b94576c1e6f73285886876ff6ef8d2→0x5bd808ab85c124f99080da5f864edcb39950ede5,TRANSFER,214733343357991000000,0xc7a530700fe4ebc7fcb99041a3fbf6b61bb350dade55a37b1030b6bf53b5d74f
1782777600,0x55d398326f99059ff775485246999027b3197955 0x238a358808379702088667322f80ac48bad5e6c4→0xfcbe6840aa7702646bc94cbe1d8bf65e5532e0d5,TRANSFER,14011970176135819065,0x97560228ab44783775ea10343790b202a5e80d8bcdcef01934cb06279b35bdb2
1782777600,0x97693439ea2f0ecdeb9135881e49f354656a911c 0x78306b9a6834b5e78c53fa819ac4fb6bb4e8ff3d→0x238a358808379702088667322f80ac48bad5e6c4,TRANSFER,2666674504667447694,0x2b328e0770d8260ac1a8534904a73e3008c988987d85fc6071a57314280c5279
1782777600,0x55d398326f99059ff775485246999027b3197955 0x238a358808379702088667322f80ac48bad5e6c4→0x78306b9a6834b5e78c53fa819ac4fb6bb4e8ff3d,TRANSFER,1053380943564184956,0x2b328e0770d8260ac1a8534904a73e3008c988987d85fc6071a57314280c5279
1782777600,0x99991c6aabba5a096f24f250b73580f5179b9999 0xca8d055d625f5fc29d0891ac0b67c687ed450f51→0x238a358808379702088667322f80ac48bad5e6c4,TRANSFER,26682250211800220961595,0xb067709d84bd79e75c2ca20c3ab3afced280fbe9a167775ded79c0dafc257d5a
1782777600,0x55d398326f99059ff775485246999027b3197955 0x238a358808379702088667322f80ac48bad5e6c4→0xca8d055d625f5fc29d0891ac0b67c687ed450f51,TRANSFER,686053012970319451347,0xb067709d84bd79e75c2ca20c3ab3afced280fbe9a167775ded79c0dafc257d5a
1782777600,0x55d398326f99059ff775485246999027b3197955 0x238a358808379702088667322f80ac48bad5e6c4→0x4b3ed57520eff9f87631b9851f3ad81cc9473596,TRANSFER,5594448319590633103,0x29a34b5a3879a07cd9f10c292e136606683ba5b28fb04a7011de3d05251187c3
1782777600,0x55d398326f99059ff775485246999027b3197955 0x238a358808379702088667322f80ac48bad5e6c4→0xe94753d6e067d25e0dbe90ed782b7ea21475fc48,TRANSFER,70183556511703480216,0x6e5b571222bc84d63a239a631e2d3cfb4bb729206d1cef7ccae2e7a18895ff17
1782777600,0x6ef2ffb38d64afe18ce782da280b300e358cfeaf 0xe94753d6e067d25e0dbe90ed782b7ea21475fc48→0x238a358808379702088667322f80ac48bad5e6c4,TRANSFER,857608908076790,0x6e5b571222bc84d63a239a631e2d3cfb4bb729206d1cef7ccae2e7a18895ff17
1782777600,0x55d398326f99059ff775485246999027b3197955 0xd9c500dff816a1da21a48a732d3498bf09dc9aeb→0x238a358808379702088667322f80ac48bad5e6c4,TRANSFER,2000000000000000000000,0xbc75ddcc7fce5f90db9b804792b6eb76f4953f40c33f2031f1ecd5f937521d88
1782777600,0x99991c6aabba5a096f24f250b73580f5179b9999 0x238a358808379702088667322f80ac48bad5e6c4→0x47bdf280e1b247583e11a06f7d7b17b49af5d560,TRANSFER,77740142597543207198209,0xbc75ddcc7fce5f90db9b804792b6eb76f4953f40c33f2031f1ecd5f937521d88
1782777600,0x55d398326f99059ff775485246999027b3197955 0x9580b2e4981433728b236da116b200d172dcf76a→0x238a358808379702088667322f80ac48bad5e6c4,TRANSFER,143068347851162243787,0xc725569c17cd532cf71d08c1700ea3128a5567be0f15a0d23eade09d15963523
1782777600,0x99991c6aabba5a096f24f250b73580f5179b9999 0x238a358808379702088667322f80ac48bad5e6c4→0x9580b2e4981433728b236da116b200d172dcf76a,TRANSFER,5545406363412782403839,0xc725569c17cd532cf71d08c1700ea3128a5567be0f15a0d23eade09d15963523
1782777600,0x55d398326f99059ff775485246999027b3197955 0x4c1079f1c260da4444a002aaabcecc7fdc2b2b73→0x238a358808379702088667322f80ac48bad5e6c4,TRANSFER,441144607801452461117,0xcefe7f0cb45a731be0111aa3249db35c7ff34c637651fd8c0e4829ef95f67414
1782777600,0x97693439ea2f0ecdeb9135881e49f354656a911c 0x238a358808379702088667322f80ac48bad5e6c4→0x4c1079f1c260da4444a002aaabcecc7fdc2b2b73,TRANSFER,1116315301452485281217,0xcefe7f0cb45a731be0111aa3249db35c7ff34c637651fd8c0e4829ef95f67414
1782777600,0xcf3232b85b43bca90e51d38cc06cc8bb8c8a3e36 0x4c1079f1c260da4444a002aaabcecc7fdc2b2b73→0x238a358808379702088667322f80ac48bad5e6c4,TRANSFER,136508337169765099361,0x54f3f1826a3edf94bf13e7a21421c85c84afe199c8d61ca589a22416baef01ce
1782777600,0x55d398326f99059ff775485246999027b3197955 0x238a358808379702088667322f80ac48bad5e6c4→0x4c1079f1c260da4444a002aaabcecc7fdc2b2b73,TRANSFER,377110089021705608458,0x54f3f1826a3edf94bf13e7a21421c85c84afe199c8d61ca589a22416baef01ce
1782777600,0x55d398326f99059ff775485246999027b3197955 0x238a358808379702088667322f80ac48bad5e6c4→0xe94753d6e067d25e0dbe90ed782b7ea21475fc48,TRANSFER,33027995642963954987,0x779a9235f59a1a22dc87eae959882506e9b49dd31c7bb752b3a2d9d22b052c28
1782777600,0x444045b0ee1ee319a660a5e3d604ca0ffa35acaa 0xe94753d6e067d25e0dbe90ed782b7ea21475fc48→0x238a358808379702088667322f80ac48bad5e6c4,TRANSFER,657027439628122393514,0x779a9235f59a1a22dc87eae959882506e9b49dd31c7bb752b3a2d9d22b052c28
1782777600,0xcf3232b85b43bca90e51d38cc06cc8bb8c8a3e36 0x4812bb70890de10615b2dab53f1564ac5a07922c→0x238a358808379702088667322f80ac48bad5e6c4,TRANSFER,91630299553404211271,0x902de5390ec7d9e02fef441fa88f3dfaed5aed72b6d7ba38bacc783c7a13432f
1782777600,0x55d398326f99059ff775485246999027b3197955 0x238a358808379702088667322f80ac48bad5e6c4→0x4812bb70890de10615b2dab53f1564ac5a07922c,TRANSFER,253007542280199151343,0x902de5390ec7d9e02fef441fa88f3dfaed5aed72b6d7ba38bacc783c7a13432f
1782777600,0x55d398326f99059ff775485246999027b3197955 0xd850594170e9faa8cd0012f04b0d754a386b0705→0x238a358808379702088667322f80ac48bad5e6c4,TRANSFER,152507810100188545864,0x24743d72d46ead0f0ef869179c21160251e862afa76fcedcb8947a8210520747
1782777600,0x97693439ea2f0ecdeb9135881e49f354656a911c 0x238a358808379702088667322f80ac48bad5e6c4→0xd850594170e9faa8cd0012f04b0d754a386b0705,TRANSFER,385732641102826409435,0x24743d72d46ead0f0ef869179c21160251e862afa76fcedcb8947a8210520747
1782777600,0x55d398326f99059ff775485246999027b3197955 0x238a358808379702088667322f80ac48bad5e6c4→0x74412055bd5bba8bf6dbdb5090417338e3757ab8,TRANSFER,5751143404545763290,0x3b6430f1c516af174d2f7a1682e7572a1e313957c3c4d33651aae756b3155c6d
1782777600,0x55d398326f99059ff775485246999027b3197955 0x238a358808379702088667322f80ac48bad5e6c4→0xcc6f6216d8fe4d17758a2bc436e01386a710e89e,TRANSFER,39361325471873208434,0xd4f88b5d8092543e6b5139389bbe5557146ed46b59dc3a4f31cdc573e099c04f
1782777600,0x595deaad1eb5476ff1e649fdb7efc36f1e4679cc 0xcc6f6216d8fe4d17758a2bc436e01386a710e89e→0x238a358808379702088667322f80ac48bad5e6c4,TRANSFER,167907352864847335757,0xd4f88b5d8092543e6b5139389bbe5557146ed46b59dc3a4f31cdc573e099c04f
1782777600,0x99991c6aabba5a096f24f250b73580f5179b9999 0x238a358808379702088667322f80ac48bad5e6c4→0x11eacd2bedd700a5e21ff70dea4086305100e5e0,TRANSFER,23848232843436169033452,0x3d395304c4f242488b376128f79f894fc3abb87fa785585043a36f79916e5029
1782777600,0x55d398326f99059ff775485246999027b3197955 0x11eacd2bedd700a5e21ff70dea4086305100e5e0→0x238a358808379702088667322f80ac48bad5e6c4,TRANSFER,616031702283772022184,0x3d395304c4f242488b376128f79f894fc3abb87fa785585043a36f79916e5029
1782777600,0x55d398326f99059ff775485246999027b3197955 0x238a358808379702088667322f80ac48bad5e6c4→0x73b96044b171ef12107283ad082e85de64593a56,TRANSFER,17011802441828499527,0x85a10c1331f7e0b7c79ee4092889be854f82150107c9323c8ef847fc932b44b8
1782777600,0x595deaad1eb5476ff1e649fdb7efc36f1e4679cc 0x73b96044b171ef12107283ad082e85de64593a56→0x238a358808379702088667322f80ac48bad5e6c4,TRANSFER,72577854357191579531,0x85a10c1331f7e0b7c79ee4092889be854f82150107c9323c8ef847fc932b44b8
1782777600,0x55d398326f99059ff775485246999027b3197955 0x7817dbf38e9d1c95671625f0052c147864692fe0→0x238a358808379702088667322f80ac48bad5e6c4,TRANSFER,60583067037276529475,0xad74e4bb85cc5157bd9d43ad5d86d1dd68e2a75f6eaf0d45fd47683585d16132
1782777600,0x55d398326f99059ff775485246999027b3197955 0x238a358808379702088667322f80ac48bad5e6c4→0xbd97306a087ed0c46b783cfbfdcdc6c12c7a2866,TRANSFER,9982888545774994589,0xa4ed431aecffc4416390d7de88f58357a6da937942ebaf89607b76d36af0562e
1782777600,0x4829a1d1fb6ded1f81d26868ab8976648baf9893 0xbd97306a087ed0c46b783cfbfdcdc6c12c7a2866→0x238a358808379702088667322f80ac48bad5e6c4,TRANSFER,9370999849773849000,0xa4ed431aecffc4416390d7de88f58357a6da937942ebaf89607b76d36af0562e
1782777600,0x8ac76a51cc950d9822d68b83fe1ad97b32cd580d 0x238a358808379702088667322f80ac48bad5e6c4→0x28e2ea090877bf75740558f6bfb36a5ffee9e9df,TRANSFER,1057784289280907772890,0x5cd76c43ac8c6194c209b02a094596721904172f4ab8629af13fc6ec88e1e58b
1782777600,0x97693439ea2f0ecdeb9135881e49f354656a911c 0x238a358808379702088667322f80ac48bad5e6c4→0x7817dbf38e9d1c95671625f0052c147864692fe0,TRANSFER,153203830875122519005,0xad74e4bb85cc5157bd9d43ad5d86d1dd68e2a75f6eaf0d45fd47683585d16132
1782777600,0x4829a1d1fb6ded1f81d26868ab8976648baf9893 0x238a358808379702088667322f80ac48bad5e6c4→0xbd97306a087ed0c46b783cfbfdcdc6c12c7a2866,TRANSFER,9371000662036156094,0x2619fcec1960567a57452f8748c67c5162d99d412c30506a8dddcd407e99675d
1782777600,0x55d398326f99059ff775485246999027b3197955 0xbd97306a087ed0c46b783cfbfdcdc6c12c7a2866→0x238a358808379702088667322f80ac48bad5e6c4,TRANSFER,9984866302411072000,0x2619fcec1960567a57452f8748c67c5162d99d412c30506a8dddcd407e99675d
1782777601,0xbb4cdb9cbd36b01bd1cbaebf2de08d9173bc095c 0xb02303818ad432dcc9a4860ae333238b29f6164f→0x278d858f05b94576c1e6f73285886876ff6ef8d2,TRANSFER,90636353125521375,0x748f3531f428b6ae246ebd81f967ac0031100d00405c9384c0a9abf1e1ae3495
1782777601,0xbf5140a22578168fd562dccf235e5d43a02ce9b1 0x278d858f05b94576c1e6f73285886876ff6ef8d2→0xb02303818ad432dcc9a4860ae333238b29f6164f,TRANSFER,17505264946836557812,0x748f3531f428b6ae246ebd81f967ac0031100d00405c9384c0a9abf1e1ae3495
1782777601,0x40b8129b786d766267a7a118cf8c07e31cdb6fde 0x916f992df86795f24de6c268cfb9031fbb1155da→0x278d858f05b94576c1e6f73285886876ff6ef8d2,TRANSFER,825882313481887006577,0xbf748145c190bb50d2d4631d6e1b41c308521c6ba42e193a6b5813bb05d4fca5
1782777601,0x8ac76a51cc950d9822d68b83fe1ad97b32cd580d 0x278d858f05b94576c1e6f73285886876ff6ef8d2→0x916f992df86795f24de6c268cfb9031fbb1155da,TRANSFER,101295672054231922950,0xbf748145c190bb50d2d4631d6e1b41c308521c6ba42e193a6b5813bb05d4fca5
1782777601,0x55d398326f99059ff775485246999027b3197955 0x238a358808379702088667322f80ac48bad5e6c4→0x278d858f05b94576c1e6f73285886876ff6ef8d2,TRANSFER,11420289602483432623,0xa12435a673215ed4184ff4afb9dd0f30fe8acd9685ff4d6bca19b05f33e88bcc
1782777601,0x595deaad1eb5476ff1e649fdb7efc36f1e4679cc 0x278d858f05b94576c1e6f73285886876ff6ef8d2→0x238a358808379702088667322f80ac48bad5e6c4,TRANSFER,48733276782571269133,0xa12435a673215ed4184ff4afb9dd0f30fe8acd9685ff4d6bca19b05f33e88bcc
