address,token,symbol,decimals,balance,in_total,out_total
0x238a358808379702088667322f80ac48bad5e6c4,0x000ae314e2a2172a039b26378814c252734f556a,0x000a…556a,18,-764062317566596019133,861775259007543351235,1625837576574139370368
0x238a358808379702088667322f80ac48bad5e6c4,0x02bcc4c181b83a8c0a342bc003389cbecb4bc54d,0x02bc…c54d,18,-915371599,3246109254,4161480853
0x238a358808379702088667322f80ac48bad5e6c4,0x086f405146ce90135750bbec9a063a8b20a8bffb,0x086f…bffb,18,-1703929827313858254049,0,1703929827313858254049
0x238a358808379702088667322f80ac48bad5e6c4,0x0a8d6c86e1bce73fe4d0bd531e1a567306836ea5,0x0a8d…6ea5,18,-10677580995743565,0,10677580995743565
0x238a358808379702088667322f80ac48bad5e6c4,0x0c69199c1562233640e0db5ce2c399a88eb507c7,0x0c69…07c7,18,1507386202610438526062,2212220757310100870895,704834554699662344833
0x238a358808379702088667322f80ac48bad5e6c4,0x0e09fabb73bd3ade0a17ecc321fd13a19e81ce82,0x0e09…ce82,18,-168971194027031012023,64367772512545498749,233338966539576510772
0x238a358808379702088667322f80ac48bad5e6c4,0x0e63b9c287e32a05e6b9ab8ee8df88a2760225a9,0x0e63…25a9,18,-1505306694045699624953,531170348672746941785,2036477042718446566738
0x238a358808379702088667322f80ac48bad5e6c4,0x167b8ae379c597ee06413c44b49c241b454b071b,0x167b…071b,18,0,297311774043495808,297311774043495808
0x238a358808379702088667322f80ac48bad5e6c4,0x1d28d989f9e3ccb8b15d0cec601734514f958e4d,0x1d28…8e4d,18,-10432138642723058457334,17296395124853551788983,27728533767576610246317
0x238a358808379702088667322f80ac48bad5e6c4,0x1f12b85aac097e43aa1555b2881e98a51090e9a6,0x1f12…e9a6,18,958770095111160777416,1138735155753773909301,179965060642613131885
0x238a358808379702088667322f80ac48bad5e6c4,0x2170ed0880ac9a755fd29b2688956bd959f933f8,ETH,18,-93137121095540,36513560835922355,36606697957017895
0x238a358808379702088667322f80ac48bad5e6c4,0x299ad4299da5b2b93fba4c96967b040c7f611099,0x299a…1099,18,110209526132716183919,1233227341789379000000,1123017815656662816081
0x238a358808379702088667322f80ac48bad5e6c4,0x2d739dd563609c39a1ae1546a03e8b469361175f,0x2d73…175f,18,1371465103423796310158,18473627673188734000000,17102162569764937689842
0x238a358808379702088667322f80ac48bad5e6c4,0x302dfaf2cdbe51a18d97186a7384e87cf599877d,0x302d…877d,18,1403502520975541912851,1965702520985123000000,562200000009581087149
0x238a358808379702088667322f80ac48bad5e6c4,0x31138562aeb9706c7612e85d789581a21b5980a2,0x3113…80a2,18,4789174458908420234294,22840822753302662101514,18051648294394241867220
0x238a358808379702088667322f80ac48bad5e6c4,0x3131f6b80c26936ab03f7d9d29eb4ddf36ac3fb5,0x3131…3fb5,18,-11149121694275588062927,81580006984885768102571,92729128679161356165498
0x238a358808379702088667322f80ac48bad5e6c4,0x34bb88a7d0437f022327df9791a6c26d2fef869b,0x34bb…869b,18,-1181845066272294188920,0,1181845066272294188920
0x238a358808379702088667322f80ac48bad5e6c4,0x365de036a1f7dccb621530d517133521debb2013,0x365d…2013,18,-211165886814235378091209809,0,211165886814235378091209809
0x238a358808379702088667322f80ac48bad5e6c4,0x3e5d4f8aee0d9b3082d5f6da5d6e225d17ba9ea0,0x3e5d…9ea0,18,2625343350984072090901,4639450135077875194649,2014106784093803103748
0x238a358808379702088667322f80ac48bad5e6c4,0x444045b0ee1ee319a660a5e3d604ca0ffa35acaa,0x4440…acaa,18,4359022934819920417906,24026371345451113476022,19667348410631193058116
0x238a358808379702088667322f80ac48bad5e6c4,0x45f55b46689402583073ff227b6ac20520052a24,0x45f5…2a24,18,-170214189763856604987,0,170214189763856604987
0x238a358808379702088667322f80ac48bad5e6c4,0x475cbf5919608e0c6af00e7bf87fab83bf3ef6e2,0x475c…f6e2,18,347435908728636235262,28112670138928460760270,27765234230199824525008
0x238a358808379702088667322f80ac48bad5e6c4,0x4829a1d1fb6ded1f81d26868ab8976648baf9893,0x4829…9893,18,-37240040134930278831,9370999849773849000,46611039984704127831
0x238a358808379702088667322f80ac48bad5e6c4,0x4b17ca4c84ca6654b2c852848d73b10a5aaf8888,0x4b17…8888,18,10719333809999999999985,10729327323067731262021,9993513067731262036
0x238a358808379702088667322f80ac48bad5e6c4,0x4b3d30992f003c8167699735f5ab2831b2a087d3,0x4b3d…87d3,18,13636218505076921100153,13636218505076921100153,0
0x238a358808379702088667322f80ac48bad5e6c4,0x5506599c722389a60580b5213ea1da60d64754a1,0x5506…54a1,18,975935788034067423282,1934655117150444675516,958719329116377252234
0x238a358808379702088667322f80ac48bad5e6c4,0x55d398326f99059ff775485246999027b3197955,USDT,18,-46045347310262268475886,110345245362046061129239,156390592672308329605125
0x238a358808379702088667322f80ac48bad5e6c4,0x595deaad1eb5476ff1e649fdb7efc36f1e4679cc,0x595d…79cc,18,-177495732542502093020,2499683031900829036994,2677178764443331130014
0x238a358808379702088667322f80ac48bad5e6c4,0x5feccd17c393caf1001d18164236a37e731fcb9d,0x5fec…cb9d,18,3521368639612865730540,14265626320820875721074,10744257681208009990534
0x238a358808379702088667322f80ac48bad5e6c4,0x635d44f246156ed1080cb470877256c847673f19,0x635d…3f19,18,-1822327378824817836790,3057106893364440000000,4879434272189257836790
0x238a358808379702088667322f80ac48bad5e6c4,0x6907a5986c4950bdaf2f81828ec0737ce787519f,0x6907…519f,18,-54858656564316489772059,13434359651756068490696,68293016216072558262755
0x238a358808379702088667322f80ac48bad5e6c4,0x6bc3855827fa6ee1229c937a26bb9fca1a0ffbf0,0x6bc3…fbf0,18,-3209919531766626510573,0,3209919531766626510573
0x238a358808379702088667322f80ac48bad5e6c4,0x6ef2ffb38d64afe18ce782da280b300e358cfeaf,0x6ef2…feaf,18,857608908076790,857608908076790,0
0x238a358808379702088667322f80ac48bad5e6c4,0x70f2eadf1ca1969ff42b0c78e9da519e8937cbaf,0x70f2…cbaf,18,336012927683534311581,1573284515803615539881,1237271588120081228300
0x238a358808379702088667322f80ac48bad5e6c4,0x80563fc2dd549bf36f82d3bf3b970bb5b08dbddb,0x8056…bddb,18,-74968698294701436686957,101737848191430958974287,176706546486132395661244
0x238a358808379702088667322f80ac48bad5e6c4,0x8105743e8a19c915a604d7d9e7aa3a060a4c2c32,0x8105…2c32,18,-7571628185473038464,1537440000000000000000,1545011628185473038464
0x238a358808379702088667322f80ac48bad5e6c4,0x81d3a238b02827f62b9f390f947d36d4a5bf89d2,0x81d3…89d2,18,-501159862949029182547,7695869805729636224821,8197029668678665407368
0x238a358808379702088667322f80ac48bad5e6c4,0x87acfa3fd7a6e0d48677d070644d76905c2bdc00,0x87ac…dc00,18,-10664448812399188742579,17143337579857927040213,27807786392257115782792
0x238a358808379702088667322f80ac48bad5e6c4,0x8ac76a51cc950d9822d68b83fe1ad97b32cd580d,USDC,18,-3065444583331759638836,25457719535441201749440,28523164118772961388276
0x238a358808379702088667322f80ac48bad5e6c4,0x8d0d000ee44948fc98c9b98a4fa4921476f08b0d,0x8d0d…8b0d,18,21179712119042776837,988562084013856259753,967382371894813482916
0x238a358808379702088667322f80ac48bad5e6c4,0x8d65744527f55d0b2338350912d5c99a81ddf0e2,0x8d65…f0e2,18,36442971,36442971,0
0x238a358808379702088667322f80ac48bad5e6c4,0x8d8b640d0c8b92cfea1ccb922fec57ef66925e28,0x8d8b…5e28,18,-20716961563168138453,0,20716961563168138453
0x238a358808379702088667322f80ac48bad5e6c4,0x8e1e6bf7e13c400269987b65ab2b5724b016caef,0x8e1e…caef,18,2017097760932728439585,4339710527545828700048,2322612766613100260463
0x238a358808379702088667322f80ac48bad5e6c4,0x8fd0d741e09a98e82256c63f25f90301ea71a83e,0x8fd0…a83e,18,-19201023762463701869660,8201989651680295731586,27403013414143997601246
0x238a358808379702088667322f80ac48bad5e6c4,0x904567252d8f48555b7447c67dca23f0372e16be,0x9045…16be,18,-796394978021802309614,15741649091779915340476,16538044069801717650090
0x238a358808379702088667322f80ac48bad5e6c4,0x91152b4ef635403efbae860edd0f8c321d7c035d,0x9115…035d,18,-5693332917092051663187,10488534967263366373285,16181867884355418036472
0x238a358808379702088667322f80ac48bad5e6c4,0x97693439ea2f0ecdeb9135881e49f354656a911c,0x9769…911c,18,9534490557741804347171,41836118749253082027623,32301628191511277680452
0x238a358808379702088667322f80ac48bad5e6c4,0x99991c6aabba5a096f24f250b73580f5179b9999,0x9999…9999,18,-937002051255355822204317,957862913270754186542440,1894864964526110008746757
0x238a358808379702088667322f80ac48bad5e6c4,0x9b6a1d4fa5d90e5f2d34130053978d14cd301d58,0x9b6a…1d58,18,306056886716993898947,379084261884484444244,73027375167490545297
0x238a358808379702088667322f80ac48bad5e6c4,0x9dc44ae5be187eca9e2a67e33f27a4c91cea1223,0x9dc4…1223,18,-6552795258827831326711,6605596384065167258135,13158391642892998584846
0x238a358808379702088667322f80ac48bad5e6c4,0xa5c8e1513b6a08334b479fe4d71f1253259469be,0xa5c8…69be,18,1895786631417545681839,3231856643444657816652,1336070012027112134813
0x238a358808379702088667322f80ac48bad5e6c4,0xb0ad9c2313b9719ea0ccd43d7e7e1fd07e7cbd90,0xb0ad…bd90,18,-1016094232678102929209,48134502792000000000000,49150597024678102929209
0x238a358808379702088667322f80ac48bad5e6c4,0xb0b92de23baa85fb06208277e925ced53edab482,0xb0b9…b482,18,2962969795026155648677,21192813044588351388483,18229843249562195739806
0x238a358808379702088667322f80ac48bad5e6c4,0xb2d97c4ed2d0ef452654f5cab3da3735b5e6f3ab,0xb2d9…f3ab,18,3955017069039784012348,21998350336484568117401,18043333267444784105053
0x238a358808379702088667322f80ac48bad5e6c4,0xbb4cdb9cbd36b01bd1cbaebf2de08d9173bc095c,WBNB,18,-867062988859682,0,867062988859682
0x238a358808379702088667322f80ac48bad5e6c4,0xbf5140a22578168fd562dccf235e5d43a02ce9b1,0xbf51…e9b1,18,100287401641467620626,107783844344312991744,7496442702845371118
0x238a358808379702088667322f80ac48bad5e6c4,0xc2bd425a63800731e3ae42b6596bdd783299fcb1,0xc2bd…fcb1,18,-32115711826254176948713,0,32115711826254176948713
0x238a358808379702088667322f80ac48bad5e6c4,0xc3ab9c26bc44776f3fc770afd90a27cfb826965c,0xc3ab…965c,18,-2435762050,0,2435762050
0x238a358808379702088667322f80ac48bad5e6c4,0xcf3232b85b43bca90e51d38cc06cc8bb8c8a3e36,0xcf32…3e36,18,1450933352495531006051,3557684344450153742247,2106750991954622736196
0x238a358808379702088667322f80ac48bad5e6c4,0xd20fb09a49a8e75fef536a2dbc68222900287bac,0xd20f…7bac,18,-19404711336,64993862441,84398573777
0x238a358808379702088667322f80ac48bad5e6c4,0xd5f6ef5deabe61e6d5cdb49bfb6f156f2c1ca715,0xd5f6…a715,18,-2626085252972362868556,15730863722312420173468,18356948975284783042024
0x238a358808379702088667322f80ac48bad5e6c4,0xda7ad9dea9397cffddae2f8a052b82f1484252b3,0xda7a…52b3,18,86645846553215540156,128202997063513144117,41557150510297603961
0x238a358808379702088667322f80ac48bad5e6c4,0xdf24f8c21cb404b3031a450d8e049d6e39fc1fa5,0xdf24…1fa5,18,-2475754517675082560380,8765764734400467395511,11241519252075549955891
0x238a358808379702088667322f80ac48bad5e6c4,0xea37a8de1de2d9d10772eeb569e28bfa5cb17707,0xea37…7707,18,-29031820415178012822786,353798761252965686163485,382830581668143698986271
0x238a358808379702088667322f80ac48bad5e6c4,0xf3d5b4c34ed623478cc5141861776e6cf7ae3a1e,0xf3d5…3a1e,18,-88653434738,85258942732,173912377470
0x238a358808379702088667322f80ac48bad5e6c4,0xfab99fcf605fd8f4593edb70a43ba56542777777,0xfab9…7777,18,595760370804778651525,4654943953583172307652,4059183582778393656127
0x238a358808379702088667322f80ac48bad5e6c4,0xfb93ee8152dd0a0e6f4b49c66c06d800cf1db72d,0xfb93…b72d,18,-820291797923395789705,682510389329325457408,1502802187252721247113
0x238a358808379702088667322f80ac48bad5e6c4,0xfeb339236d25d3e415f280189bc7c2fbab6ae9ef,0xfeb3…e9ef,18,250222906356070159831,326444036429348223456,76221130073278063625
0x238a358808379702088667322f80ac48bad5e6c4,0xff7f8f301f7a706e3cfd3d2275f5dc0b9ee8009b,0xff7f…009b,18,-22761596,146439540,169201136
